time,median
1.7916666666666663,67.5
2.6666666666666665,60.5
3.083333333333333,51.5
3.625,48.0
4.208333333333333,36.0
4.666666666666667,67.0
5.125,38.0
5.625,46.0
6.083333333333332,50.5
6.583333333333332,54.0
7.083333333333332,47.0
7.666666666666668,52.0
8.125,51.0
8.708333333333334,54.5
9.166666666666666,42.5
9.666666666666666,33.0
9.916666666666666,44.5
10.666666666666666,40.0
