time,median,mean
1.7916666666666663,67.5,1389.02
2.6666666666666665,60.5,1267.84
3.083333333333333,51.5,1552.41
3.625,48.0,1979.3478260869565
4.208333333333333,36.0,1327.948717948718
4.666666666666667,67.0,1786.3734939759036
5.125,38.0,1420.2676056338028
